{"cameraMode":{"drawMode":0,"name":"Shaded","section":"Shading Mode"},"sceneLighting":true,"audioPlay":false,"sceneViewState":{"showFog":true,"showMaterialUpdate":false,"showSkybox":true,"showFlares":true,"showImageEffects":true,"showParticleSystems":true},"in2DMode":false,"pivot":{"x":-0.4290771484375,"y":7.059595108032227,"z":-8.414053916931153},"rotation":{"x":-0.1274508684873581,"y":-0.0026855245232582094,"z":0.0003439149877522141,"w":-0.991844892501831},"size":5.707395553588867,"orthographic":false}